day,price
2023-05-10,0.091074
2023-05-11,0.052601
2023-05-12,0.065527
2023-05-14,0.069586
2023-05-15,0.054277
2023-05-16,0.04850697
2023-05-18,0.03949349
2023-05-19,0.03648733
2023-05-20,0.04425739
2023-05-22,0.04156654
2023-05-23,0.03435785
2023-05-25,0.02925158
2023-05-26,0.03961238
2023-05-27,0.052438
2023-05-28,0.069703
2023-05-29,0.04971578
2023-05-30,0.04061006
2023-05-31,0.03856098
2023-06-02,0.05037
2023-06-03,0.04413478
2023-06-04,0.04226753
2023-06-05,0.03327981
2023-06-06,0.03912486
2023-06-07,0.03456559
2023-06-09,0.0340498
2023-06-10,0.02931518
2023-06-11,0.02896847
2023-06-13,0.02851977
2023-06-14,0.02550172
2023-06-15,0.0306539
2023-06-17,0.03637943
2023-06-18,0.03795226
2023-06-19,0.0344922
2023-06-21,0.03853483
2023-06-22,0.0372988
2023-06-23,0.03358619
2023-06-25,0.03910744
2023-06-26,0.03804677
2023-06-27,0.03656929
2023-06-28,0.0351516
2023-06-30,0.03200117
2023-07-01,0.0329972
2023-07-02,0.03244441
2023-07-03,0.03187112
2023-07-04,0.02971848
2023-07-06,0.03630086
2023-07-07,0.03570273
2023-07-09,0.03510626
2023-07-10,0.03364653
2023-07-11,0.03675476
2023-07-12,0.03647126
2023-07-13,0.03903299
2023-07-14,0.04263176
2023-07-15,0.04151452
2023-07-17,0.03672351
2023-07-18,0.04038497
2023-07-20,0.03820131
2023-07-21,0.03944388
2023-07-23,0.03438497
2023-07-25,0.03250231
2023-07-27,0.03460057
2023-07-28,0.03126896
2023-07-29,0.02965192
2023-07-30,0.02662782
2023-08-01,0.02562442
2023-08-02,0.02160465
2023-08-04,0.02170548
2023-08-05,0.01786104
2023-08-06,0.01927571
2023-08-07,0.01957831
2023-08-08,0.01658369
2023-08-09,0.01379178
2023-08-11,0.01685172
2023-08-12,0.01563308
2023-08-13,0.01576925
2023-08-14,0.01462087
2023-08-15,0.01362031
2023-08-16,0.01466306
2023-08-19,0.01306798
2023-08-21,0.0114518
2023-08-23,0.01155032
2023-08-24,0.0117002
2023-08-25,0.01335994
2023-08-26,0.01667417
2023-08-27,0.01936927
2023-08-29,0.02609446
2023-08-31,0.02480454
2023-09-01,0.02200128
2023-09-02,0.02070734
2023-09-03,0.02144624
2023-09-04,0.02050409
2023-09-05,0.01792044
2023-09-06,0.016804
2023-09-07,0.02084142
2023-09-09,0.01681424
2023-09-11,0.01672016
2023-09-13,0.01617898
2023-09-14,0.01678031
2023-09-15,0.01697656
2023-09-16,0.01515417
2023-09-17,0.01453924
2023-09-18,0.0148685
2023-09-19,0.0144688
2023-09-20,0.01524512
2023-09-21,0.01630875
2023-09-22,0.01533341
2023-09-24,0.01473074
2023-09-25,0.01439531
2023-09-26,0.01411243
2023-09-27,0.01483737
2023-09-28,0.01407982
2023-09-30,0.01339886
2023-10-01,0.01270855
2023-10-02,0.01216606
2023-10-03,0.01385141
2023-10-04,0.01254102
2023-10-05,0.01141389
2023-10-06,0.01278529
2023-10-07,0.01214625
2023-10-08,0.01205994
2023-10-09,0.01158096
2023-10-10,0.01129471
2023-10-11,0.01123169
2023-10-12,0.01109097
2023-10-13,0.01102541
2023-10-15,0.01289424
2023-10-16,0.01323343
2023-10-17,0.01275312
2023-10-19,0.01517473
2023-10-20,0.01936095
2023-10-21,0.02136923
2023-10-23,0.01987057
2023-10-24,0.02485822
2023-10-25,0.02580493
2023-10-26,0.02712175
2023-10-27,0.02743784
2023-10-28,0.0259725
2023-10-29,0.02564038
2023-10-30,0.02056081
2023-10-31,0.0199174
2023-11-01,0.01872668
2023-11-02,0.01492429
2023-11-03,0.02131347
2023-11-04,0.03225934
2023-11-05,0.03515671
2023-11-06,0.02214535
2023-11-08,0.01689921
2023-11-09,0.02146647
2023-11-10,0.01923655
2023-11-11,0.01796623
2023-11-13,0.01674017
2023-11-14,0.01532389
2023-11-15,0.01730006
2023-11-17,0.02070039
2023-11-18,0.02191856
2023-11-19,0.02854242
2023-11-20,0.02783277
2023-11-21,0.02285946
2023-11-22,0.02861065
2023-11-23,0.02746614
2023-11-24,0.02664675
2023-11-25,0.02582479
2023-11-26,0.02367316
2023-11-27,0.02291844
2023-11-28,0.02431718
2023-11-29,0.02412267
2023-11-30,0.02653719
2023-12-01,0.0390232
2023-12-02,0.149787
2023-12-03,0.180414
2023-12-04,0.13774
2023-12-05,0.144674
2023-12-06,0.192837
2023-12-07,0.220178
2023-12-08,0.222079
2023-12-09,0.182521
2023-12-10,0.249469
2023-12-11,0.215615
2023-12-13,0.183433
2023-12-14,0.186302
2023-12-15,0.157417
2023-12-16,0.165593
2023-12-17,0.441184
2023-12-18,0.751438
2023-12-19,0.714517
2023-12-20,0.753298
2023-12-21,0.757684
2023-12-22,0.837281
2023-12-23,1.033
2023-12-24,0.98857
2023-12-25,1.076
2023-12-26,0.966571
2023-12-28,0.665629
2023-12-29,0.716041
2023-12-30,0.686455
2024-01-01,0.723023
2024-01-02,0.575327
2024-01-03,0.535723
2024-01-04,0.574362
2024-01-05,0.536489
2024-01-06,0.48744
2024-01-07,0.41062
2024-01-08,0.452542
2024-01-09,0.344711
2024-01-10,0.477589
2024-01-11,0.480155
2024-01-12,0.385922
2024-01-14,0.387088
2024-01-15,0.370933
2024-01-16,0.389438
2024-01-18,0.26277
2024-01-19,0.321913
2024-01-20,0.22135
2024-01-22,0.141556
2024-01-23,0.153687
2024-01-24,0.19497
2024-01-25,0.222164
2024-01-26,0.217315
2024-01-27,0.211951
2024-01-28,0.243132
2024-01-29,0.261647
2024-01-31,0.203937
2024-02-02,0.166503
2024-02-03,0.178384
2024-02-05,0.177336
2024-02-06,0.159187
2024-02-07,0.162962
2024-02-08,0.161977
2024-02-09,0.174672
2024-02-10,0.210957
2024-02-11,0.186584
2024-02-13,0.310458
2024-02-14,0.348187
2024-02-15,0.364474
2024-02-16,0.313162
2024-02-17,0.268701
2024-02-18,0.313148
2024-02-19,0.335281
2024-02-21,0.356351
2024-02-23,0.377948
2024-02-24,0.413082
2024-02-26,0.454231
2024-02-27,0.485377
2024-02-28,0.494572
2024-03-01,0.442262
2024-03-02,0.603216
2024-03-04,0.792553
2024-03-05,0.950781
2024-03-06,1.025
2024-03-07,1.17
2024-03-08,1.22
2024-03-10,1.22
2024-03-12,1.51
2024-03-13,1.8
2024-03-14,1.75
2024-03-15,1.5699999999999998
2024-03-17,1.7
2024-03-18,1.54
2024-03-20,1.9300000000000002
2024-03-22,2.02
2024-03-23,3.96
2024-03-24,4.72
2024-03-25,3.95
2024-03-26,3.98
2024-03-28,4.6
2024-03-29,5.23
2024-03-30,6.32
2024-03-31,7.05
2024-04-01,5.6
2024-04-02,6.14
2024-04-03,5.29
2024-04-04,5.5
2024-04-05,6.15
2024-04-06,5.88
2024-04-08,5.73
2024-04-09,6.31
2024-04-10,6.53
2024-04-11,7.43
2024-04-12,6.95
2024-04-13,5.98
2024-04-14,5.27
2024-04-15,5.52
2024-04-16,4.92
2024-04-17,4.77
2024-04-18,4.36
2024-04-19,5.15
2024-04-20,5.1
2024-04-21,5.41
2024-04-22,5.32
2024-04-23,5.5600000000000005
2024-04-24,5.43
2024-04-25,4.6
2024-04-26,4.09
2024-04-27,3.61
2024-04-28,4.27
2024-04-29,3.9
2024-04-30,4.44
2024-05-01,3.25
2024-05-02,3.14
2024-05-03,3.25
2024-05-04,3.12
2024-05-05,2.82
2024-05-06,3.06
2024-05-07,2.6
2024-05-09,3.0
2024-05-10,2.86
2024-05-11,3.29
2024-05-12,4.21
2024-05-14,3.7199999999999998
2024-05-15,3.31
2024-05-16,3.95
2024-05-17,3.95
2024-05-18,4.41
2024-05-19,4.55
2024-05-20,4.55
2024-05-21,5.04
2024-05-22,5.24
2024-05-23,5.01
2024-05-24,5.0
2024-05-25,4.78
2024-05-26,4.55
2024-05-27,5.24
2024-05-29,5.99
2024-05-30,5.77
2024-05-31,5.31
2024-06-01,5.65
2024-06-02,5.58
2024-06-04,5.38
2024-06-05,5.08
2024-06-07,4.9
2024-06-08,4.34
2024-06-09,4.0
2024-06-10,4.36
2024-06-11,3.71
2024-06-12,3.85
2024-06-13,3.56
2024-06-15,3.37
2024-06-16,3.34
2024-06-17,3.13
2024-06-19,3.2800000000000002
2024-06-20,3.4699999999999998
2024-06-21,2.99
2024-06-22,2.98
2024-06-24,3.09
2024-06-25,2.9699999999999998
2024-06-26,3.17
2024-06-27,3.18
2024-06-28,3.11
2024-06-29,3.04
2024-06-30,3.14
2024-07-01,3.46
2024-07-03,2.9
2024-07-05,2.41
2024-07-06,2.57
2024-07-07,2.15
2024-07-09,2.45
2024-07-10,2.51
2024-07-11,2.5
2024-07-12,2.39
2024-07-13,2.36
2024-07-15,2.34
2024-07-16,2.7199999999999998
2024-07-17,2.82
2024-07-18,3.01
2024-07-19,3.06
2024-07-20,2.99
2024-07-22,2.85
2024-07-23,2.65
2024-07-24,2.65
2024-07-25,2.59
2024-07-26,2.37
2024-07-27,2.57
2024-07-28,2.46
2024-07-29,2.35
2024-07-30,2.3
2024-07-31,2.26
2024-08-01,2.16
2024-08-02,2.34
2024-08-03,2.22
2024-08-04,2.15
2024-08-05,2.05
2024-08-06,1.99
2024-08-07,1.72
2024-08-08,2.36
2024-08-09,2.1
2024-08-10,2.09
2024-08-12,2.06
2024-08-13,2.03
2024-08-14,1.9
2024-08-15,1.8399999999999999
2024-08-16,1.8
2024-08-17,1.77
2024-08-18,1.79
2024-08-19,1.95
2024-08-20,2.0
2024-08-21,2.21
2024-08-22,2.31
2024-08-23,2.93
2024-08-24,2.91
2024-08-25,3.13
2024-08-26,3.07
2024-08-27,2.85
2024-08-28,2.7199999999999998
2024-08-29,2.85
2024-08-30,2.73
2024-08-31,2.67
2024-09-01,2.37
2024-09-02,2.44
2024-09-03,2.33
2024-09-04,2.35
2024-09-05,2.17
2024-09-06,2.01
2024-09-07,2.1
2024-09-08,2.13
2024-09-09,2.12
2024-09-10,2.25
2024-09-11,2.3
2024-09-12,2.29
2024-09-13,2.38
2024-09-14,2.35
2024-09-15,2.31
2024-09-16,2.43
2024-09-17,2.84
2024-09-18,2.79
2024-09-19,3.16
2024-09-20,3.2800000000000002
2024-09-21,3.38
2024-09-22,3.34
2024-09-23,3.61
2024-09-24,3.6
2024-09-25,3.49
2024-09-26,3.29
2024-09-27,3.71
2024-09-28,3.57
2024-09-29,3.29
2024-09-30,3.05
2024-10-01,2.89
2024-10-02,2.9
2024-10-03,2.87
2024-10-04,3.09
2024-10-05,3.08
2024-10-06,3.17
2024-10-07,3.11
2024-10-08,2.67
2024-10-09,2.34
2024-10-10,2.03
2024-10-11,2.17
2024-10-12,2.15
2024-10-13,2.0
2024-10-14,2.11
2024-10-15,1.83
2024-10-16,1.8900000000000001
2024-10-17,1.8
2024-10-18,1.95
2024-10-19,1.9
2024-10-20,1.9
2024-10-21,1.79
2024-10-22,1.75
2024-10-23,1.72
2024-10-24,1.73
2024-10-25,1.8399999999999999
2024-10-26,1.77
2024-10-27,1.95
2024-10-28,2.18
2024-10-29,2.49
2024-10-30,2.82
2024-10-31,2.5
2024-11-01,2.68
2024-11-02,2.54
2024-11-03,2.22
2024-11-04,2.24
2024-11-05,2.31
2024-11-06,2.54
2024-11-07,3.4699999999999998
2024-11-08,4.86
2024-11-10,5.37
2024-11-11,4.99
2024-11-12,4.84
2024-11-13,4.06
2024-11-14,3.74
2024-11-15,4.5
2024-11-16,4.32
2024-11-17,4.04
2024-11-18,3.79
2024-11-19,3.71
2024-11-20,3.66
2024-11-21,4.01
2024-11-22,3.79
2024-11-23,3.71
2024-11-24,3.63
2024-11-25,3.4699999999999998
2024-11-26,3.33
2024-11-27,4.08
2024-11-28,3.8
2024-11-29,3.74
2024-11-30,3.71
2024-12-01,3.4699999999999998
2024-12-02,3.31
2024-12-03,3.93
2024-12-04,4.33
2024-12-05,4.21
2024-12-06,4.3
2024-12-07,3.79
2024-12-08,3.61
2024-12-09,3.32
2024-12-10,3.2
2024-12-11,3.59
2024-12-13,3.9
2024-12-14,3.55
2024-12-15,3.71
2024-12-17,3.49
2024-12-18,3.29
2024-12-19,2.9
2024-12-20,2.54
2024-12-21,2.68
2024-12-22,2.56
2024-12-23,2.43
2024-12-24,2.45
2024-12-25,2.4
2024-12-26,2.25
2024-12-27,2.12
2024-12-28,2.23
2024-12-29,2.13
2024-12-30,2.04
2024-12-31,1.85
2025-01-01,1.87
2025-01-02,2.35
2025-01-03,2.45
2025-01-05,2.38
2025-01-07,2.34
2025-01-08,2.06
2025-01-09,2.01
2025-01-10,1.85
2025-01-11,1.9100000000000001
2025-01-12,1.8399999999999999
2025-01-13,1.76
2025-01-14,1.8399999999999999
2025-01-16,1.88
2025-01-17,2.04
2025-01-18,2.03
2025-01-19,1.79
2025-01-20,1.56
2025-01-21,1.47
2025-01-22,1.52
2025-01-23,1.44
2025-01-24,1.3900000000000001
2025-01-25,1.3599999999999999
2025-01-26,1.35
2025-01-27,1.3599999999999999
2025-01-28,1.22
2025-01-29,1.15
2025-01-30,1.21
2025-01-31,1.21
2025-02-01,1.18
2025-02-02,1.091
2025-02-03,0.888218
2025-02-04,1.12
2025-02-06,0.83054
2025-02-07,0.809768
2025-02-08,0.758707
2025-02-09,0.84475
2025-02-10,0.814546
2025-02-11,0.834266
2025-02-12,0.794688
2025-02-13,0.730541
2025-02-14,0.685668
2025-02-15,0.661988
2025-02-16,0.666451
2025-02-17,0.680078
2025-02-18,0.73619
2025-02-19,0.707805
2025-02-20,0.76253
2025-02-21,0.769388
2025-02-22,0.717205
2025-02-23,0.739613
2025-02-24,0.718892
2025-02-25,0.600099
2025-02-26,0.578832
2025-02-27,0.580716
2025-02-28,0.546892
2025-03-01,0.577224
2025-03-02,0.564355
2025-03-03,0.659669
2025-03-04,0.564332
2025-03-05,0.574874
2025-03-06,0.606286
2025-03-07,0.564935
2025-03-08,0.541922
2025-03-09,0.540281
2025-03-10,0.497486
2025-03-11,0.349838
2025-03-12,0.405937
2025-03-13,0.386436
2025-03-14,0.387205
2025-03-15,0.429419
2025-03-16,0.43649
2025-03-17,0.429121
2025-03-18,0.44423
2025-03-19,0.420891
2025-03-20,0.443952
2025-03-21,0.44958
2025-03-22,0.494615
2025-03-23,0.527788
2025-03-24,0.587418
2025-03-25,0.591182
2025-03-26,0.651751
2025-03-27,0.629108
2025-03-28,0.652002
2025-03-29,0.579194
2025-03-30,0.525092
2025-03-31,0.544139
2025-04-01,0.568023
2025-04-02,0.550322
2025-04-03,0.515724
2025-04-04,0.492971
2025-04-05,0.508306
2025-04-06,0.505941
2025-04-07,0.424928
2025-04-08,0.480161
2025-04-09,0.459736
2025-04-10,0.516068
2025-04-11,0.494447
2025-04-12,0.501106
2025-04-13,0.530362
2025-04-14,0.509973
2025-04-15,0.464704
2025-04-16,0.455961
2025-04-17,0.484328
2025-04-18,0.462082
2025-04-19,0.48027
2025-04-20,0.518219
2025-04-21,0.52135
2025-04-22,0.519477
2025-04-23,0.534575
2025-04-24,0.553271
2025-04-25,0.532358
2025-04-26,0.536902
2025-04-27,0.581293
2025-04-28,0.547351
2025-04-29,0.529664
2025-04-30,0.53264
2025-05-01,0.498705
2025-05-02,0.490442
2025-05-03,0.494128
2025-05-04,0.472658
2025-05-05,0.453824
2025-05-06,0.448829
2025-05-07,0.437044
2025-05-08,0.41304
2025-05-09,0.540986
2025-05-10,0.512151
2025-05-11,0.580404
2025-05-12,0.566007
2025-05-13,0.557305
2025-05-14,0.570977
2025-05-15,0.53694
2025-05-16,0.490909
2025-05-17,0.484824
2025-05-18,0.468017
2025-05-19,0.448787
2025-05-20,0.454917
2025-05-21,0.441854
2025-05-22,0.419184
2025-05-23,0.390091
2025-05-24,0.352021
2025-05-25,0.372855
2025-05-26,0.45836
2025-05-27,0.4245
2025-05-28,0.416038
2025-05-29,0.395755
2025-05-30,0.371974
2025-05-31,0.367128
2025-06-01,0.382303
2025-06-02,0.385857
2025-06-03,0.395341
2025-06-04,0.397254
2025-06-05,0.384837
2025-06-06,0.359811
2025-06-07,0.404057
2025-06-08,0.416351
2025-06-09,0.433958
2025-06-10,0.472977
2025-06-11,0.477138
2025-06-12,0.462168
2025-06-13,0.401814
2025-06-14,0.38292
2025-06-15,0.371357
2025-06-16,0.363863
2025-06-17,0.413309
2025-06-18,0.361746
2025-06-19,0.348244
2025-06-20,0.371433
2025-06-21,0.340702
2025-06-22,0.303785
2025-06-23,0.304997
2025-06-24,0.33741
2025-06-25,0.353435
2025-06-26,0.338346
2025-06-27,0.335769
2025-06-28,0.333018
2025-06-29,0.331432
2025-06-30,0.363016
2025-07-01,0.333389
2025-07-02,0.3197
2025-07-04,0.366507
2025-07-05,0.343409
2025-07-06,0.338232
2025-07-07,0.357097
2025-07-08,0.347251
2025-07-09,0.352356
2025-07-10,0.366813
2025-07-11,0.396265
2025-07-12,0.427761
2025-07-13,0.412699
2025-07-14,0.407237
2025-07-15,0.432791
2025-07-16,0.548281
2025-07-17,0.630297
2025-07-18,0.638455
2025-07-19,0.579172
2025-07-20,0.602794
2025-07-21,0.678751
2025-07-22,0.6466
2025-07-23,0.65795
2025-07-24,0.568647
2025-07-25,0.564395
2025-07-26,0.556268
2025-07-27,0.564111
2025-07-28,0.602239
2025-07-29,0.526894
2025-07-30,0.518459
2025-07-31,0.513974
2025-08-01,0.487138
2025-08-02,0.459957
2025-08-03,0.429453
2025-08-04,0.451927
2025-08-05,0.483476
2025-08-06,0.457873
2025-08-07,0.41916
2025-08-08,0.439708
2025-08-09,0.440641
2025-08-10,0.500068
2025-08-11,0.472781
2025-08-12,0.451426
2025-08-13,0.461757
2025-08-14,0.462381
2025-08-15,0.427789
2025-08-16,0.398323
2025-08-17,0.387343
2025-08-18,0.392179
2025-08-19,0.375527
2025-08-20,0.359132
2025-08-21,0.373044
2025-08-22,0.347753
2025-08-23,0.408387
2025-08-24,0.405257
2025-08-25,0.421856
2025-08-26,0.380887
2025-08-27,0.406122
2025-08-28,0.41018
2025-08-29,0.406585
2025-08-30,0.389757
2025-08-31,0.412374
2025-09-01,0.409432
2025-09-02,0.390551
2025-09-03,0.404577
2025-09-04,0.436896
2025-09-05,0.412736
2025-09-06,0.407924
2025-09-07,0.412963
2025-09-08,0.410955
2025-09-09,0.421123
2025-09-10,0.419821
2025-09-11,0.42973
2025-09-12,0.415692
2025-09-13,0.450942
2025-09-14,0.438102
2025-09-15,0.419644
2025-09-16,0.4135
2025-09-17,0.401293
2025-09-18,0.388899
2025-09-19,0.371193
2025-09-20,0.368998
2025-09-21,0.40618
2025-09-22,0.408104
2025-09-23,0.387937
2025-09-24,0.371247
2025-09-25,0.361217
2025-09-26,0.345803
2025-09-27,0.345991
2025-09-28,0.345914
2025-09-29,0.360777
2025-09-30,0.367116
2025-10-01,0.353933
2025-10-02,0.376561
2025-10-04,0.37341322887839373
2025-10-05,0.3719504705399551
2025-10-06,0.37476330786339607
2025-10-07,0.385951137081528
2025-10-08,0.37087348276260373
2025-10-09,0.3585721237948043
2025-10-10,0.3347559541075427
2025-10-11,0.3265555584265759
2025-10-12,0.3143315521931595
2025-10-13,0.34766160283408704
2025-10-14,0.340007298083295
2025-10-15,0.3260232446112531
2025-10-16,0.3251013904134684
2025-10-17,0.31031743822890784
2025-10-18,0.2875235363137995
2025-10-19,0.2924998303436598
2025-10-20,0.29368496688655044
2025-10-21,0.29478539107643453
2025-10-22,0.2793363693623286
2025-10-23,0.25470191018546134
2025-10-24,0.25887484294101426
2025-10-25,0.26393899959136063
2025-10-26,0.2704053327207556
2025-10-27,0.2921891955194555
2025-10-28,0.2868803896404199
2025-10-29,0.2799051262218898
2025-10-30,0.24854336631626364
2025-10-31,0.2434303416404498
2025-11-01,0.2422227011062801
2025-11-02,0.29133938599778114
2025-11-03,0.2906451568143924
2025-11-04,0.3015699005754661
2025-11-05,0.2621826516189899
2025-11-06,0.2834134919439142
2025-11-07,0.30932463179510417
2025-11-08,0.31364435226100823
2025-11-09,0.2966137342021716
2025-11-10,0.31437555065175704
2025-11-11,0.3082213328072644
2025-11-12,0.2899696409389551
2025-11-13,0.2852400105433666
2025-11-14,0.2750928359828876
2025-11-15,0.26588286412281453
2025-11-16,0.2693124124636244
2025-11-17,0.25629587701180656
2025-11-18,0.2372539314042649
2025-11-19,0.2301795029611891
2025-11-20,0.22172165434689034
2025-11-21,0.18765969554126455
2025-11-22,0.1867846080214086
2025-11-23,0.17842359613637923
2025-11-24,0.18365431455743322
2025-11-25,0.18875766872119268
2025-11-26,0.17492638821849474
2025-11-27,0.18235254618639576
2025-11-28,0.18461032789603263
2025-11-29,0.19025638189676655
2025-11-30,0.18604923636595722
2025-12-01,0.17233275558457795
2025-12-02,0.16027363772486214
2025-12-03,0.17455421750490918
2025-12-04,0.18016118077014528
2025-12-05,0.17526553648701793
2025-12-06,0.16684949238917435
2025-12-07,0.16974013446472752
2025-12-08,0.16910309522449551
2025-12-09,0.18293276237315115
2025-12-10,0.19200766458278806
2025-12-11,0.18952615425226557
2025-12-12,0.1857669657504488
2025-12-13,0.17663116156070174
2025-12-14,0.17844381674367338
2025-12-15,0.1766926540850323
2025-12-16,0.16690758991445712
2025-12-17,0.16061015643955334
2025-12-18,0.1529193668611961
2025-12-19,0.1487545184144489
2025-12-20,0.15660477715820453
2025-12-21,0.14971064167401066
2025-12-22,0.14857090206638485
2025-12-23,0.14661796569414906
2025-12-24,0.1403121439759131
2025-12-25,0.13803248024748047
2025-12-26,0.13750027804105006
2025-12-27,0.13776844527572638
2025-12-28,0.14122618944832915
2025-12-29,0.14330012012016644
2025-12-30,0.1418050249106402
2025-12-31,0.142945800465618
2026-01-01,0.13976995296508013
2026-01-02,0.14594500137015234
2026-01-03,0.16931389606772254
2026-01-04,0.1623447745909282
2026-01-05,0.16403900960104736
2026-01-06,0.15855931248652114
2026-01-07,0.15975384662557016
2026-01-08,0.15003497265070107
2026-01-09,0.14533482729432934
2026-01-10,0.1435425311038631
2026-01-11,0.14312977955175393
2026-01-12,0.146381548233234
2026-01-13,0.1450553269282124
2026-01-14,0.15102416518693815
2026-01-15,0.15309110989706237
2026-01-16,0.15080962849776064
2026-01-17,0.14704200318357027
2026-01-18,0.14788232213380736
2026-01-19,0.14178249916958838
2026-01-20,0.1365661727304009
2026-01-21,0.12394909642720767
2026-01-22,0.1279560442219562
2026-01-23,0.12204332120996486
2026-01-24,0.12031577314870699
2026-01-25,0.10822583897665257
2026-01-26,0.09409856464118063
2026-01-27,0.09886651035821617
2026-01-28,0.10024324153277778
2026-01-29,0.09944194088400807
2026-01-30,0.0971738790906173
2026-01-31,0.08879517095884892
2026-02-01,0.07986370128179932
2026-02-02,0.07408175323677178
2026-02-03,0.07524962032967197
2026-02-04,0.07351514391635086
2026-02-05,0.0706290071228594
2026-02-06,0.06375034680029994
2026-02-07,0.06646859549402434
2026-02-08,0.06490374482919464
2026-02-09,0.06362105961212189
2026-02-10,0.06562958087476434
2026-02-11,0.07455564234328918
2026-02-12,0.07115930424041703
2026-02-13,0.06982563387222271
2026-02-14,0.07217775761691578
2026-02-15,0.08608787053652107
2026-02-16,0.08976437929296406
2026-02-17,0.13122178165667622
2026-02-18,0.15578904145828215
2026-02-19,0.1324535617079302
2026-02-20,0.15206327350462537
2026-02-21,0.1435583035731192
2026-02-22,0.12395084610288364
2026-02-23,0.11482730144468038
2026-02-24,0.10903432799387235
2026-02-25,0.10005154839260448
2026-02-26,0.12007173231728627
2026-02-27,0.1123472403795049
2026-02-28,0.10241647891412443
2026-03-01,0.10472282994522306
2026-03-02,0.1038112803712982
2026-03-03,0.1275528295804224
2026-03-04,0.12263307974503203
2026-03-05,0.1286724316565856
2026-03-06,0.11482512101704362
2026-03-07,0.11529661759622054
2026-03-08,0.11678433962005881
2026-03-09,0.11077422897430891
2026-03-10,0.12086474176389726
2026-03-11,0.11656408197759974
2026-03-12,0.11738091457915775
2026-03-13,0.12146351011416556
2026-03-14,0.11991993982506467
2026-03-15,0.11862500172531255
2026-03-16,0.12135295834957271
2026-03-17,0.1263543935863394
2026-03-18,0.12111262458509292
2026-03-19,0.11173866420891257
2026-03-20,0.10137539411972032
2026-03-21,0.10231923149524855
2026-03-22,0.0998997366632392
2026-03-23,0.09703173634466614
2026-03-24,0.09532484831177028
2026-03-25,0.09329730928453434
2026-03-26,0.09329809269535662
2026-03-27,0.08399679570386148
2026-03-28,0.0805697376567282
2026-03-29,0.08023188877593546
2026-03-30,0.07962740106011974
2026-03-31,0.08254368632729381
2026-04-01,0.08452074087657838
2026-04-02,0.0863784338318879
2026-04-03,0.0816947796349191
2026-04-04,0.0811257997334991
2026-04-05,0.08126447126808821
2026-04-06,0.08621172841386053
2026-04-07,0.09231284710205784
2026-04-08,0.09695179938685648
2026-04-09,0.09553697490644734
2026-04-10,0.09258972989570614
2026-04-11,0.08565771982572433
2026-04-12,0.0871748928100658
2026-04-13,0.08270424050006256
2026-04-14,0.08843131048766138
2026-04-15,0.08605037954971057
2026-04-16,0.08752064253536976
2026-04-17,0.08769701125096835
2026-04-18,0.09097156470599507
2026-04-19,0.08804805456348018
2026-04-20,0.08758693724574955
2026-04-21,0.09273486924346708
2026-04-22,0.0881314694938147
2026-04-23,0.09511363727565514
2026-04-24,0.09133257377712711
2026-04-25,0.0860221556464061
2026-04-26,0.08576071372581955
2026-04-27,0.08784278994352032
2026-04-28,0.08398837523025227
2026-04-29,0.08575088769994912
2026-04-30,0.0829442459248436
2026-05-01,0.08412293999378057
2026-05-02,0.08493400785227694
2026-05-03,0.0846044142454834
2026-05-04,0.08381203104933431
2026-05-05,0.08302084308941678
2026-05-06,0.08122785289282354
2026-05-07,0.0866727094028594
2026-05-08,0.08295278006153116
2026-05-09,0.08361294929373989
2026-05-10,0.08425823334967134
2026-05-11,0.08370335337537874
2026-05-12,0.07923953918227257
2026-05-14,0.07625486559089291
2026-05-15,0.07383224762988384
2026-05-16,0.07090827449616562
2026-05-17,0.07043050213430999
2026-05-18,0.06872080468228249
2026-05-19,0.06754340147022435
2026-05-20,0.06850718824701751
2026-05-21,0.06746613799544833
2026-05-22,0.06790179613870258
2026-05-23,0.07052613985479235
2026-05-24,0.07343654714377075
2026-05-25,0.07579273131382773
2026-05-26,0.0857155977447389
2026-05-27,0.07959113983754962
2026-05-28,0.07669974313780996
2026-05-29,0.07533497891450304
2026-05-30,0.07617308252033711
2026-05-31,0.0774019290813439
2026-06-01,0.07789707086484116
2026-06-02,0.0760196681934984
2026-06-03,0.06941640742982147
2026-06-04,0.06687133945753512
2026-06-05,0.06613289215609218
2026-06-06,0.0617823647904185
2026-06-07,0.05882208838711534
2026-06-08,0.06406508952514223
2026-06-09,0.0618617443937338
2026-06-10,0.06106139231144162
2026-06-11,0.05897879937940949
2026-06-12,0.06147481306095673
2026-06-13,0.06328191379951457
2026-06-14,0.06334806600044822
2026-06-15,0.06447258971992316
2026-06-16,0.06776012630586524
2026-06-17,0.06041342733641861
2026-06-18,0.060132893944422346
2026-06-19,0.05633917534580305
2026-06-20,0.05992411832845029
2026-06-21,0.05880676710779458
2026-06-22,0.05868939476720485
2026-06-23,0.05725977277017508
2026-06-24,0.05475859592592673
2026-06-25,0.05211571425147462
2026-06-26,0.0508135478947974
2026-06-27,0.05088046118389815
2026-06-28,0.05267256177049424
2026-06-29,0.05487292647542238
2026-06-30,0.05760976026334692
2026-07-01,0.05535703200796528
2026-07-02,0.054506701405093616
2026-07-03,0.056729958325808294
2026-07-04,0.05840802051865228
2026-07-05,0.05887676885189958
2026-07-06,0.059158458733202635
2026-07-07,0.05990392525293731
2026-07-08,0.05954819435434159
2026-07-09,0.055819141354891764
2026-07-10,0.053591690221311335
2026-07-11,0.05589126211338932
2026-07-12,0.05692931045097121
2026-07-13,0.05814075311827368
2026-07-14,0.055104442756166994
2026-07-15,0.06540683937855993
2026-07-16,0.06348948262163999
2026-07-17,0.06071679582994744
2026-07-18,0.060268396301348004
2026-07-19,0.06062176455109296
2026-07-20,0.06110605078345271
2026-07-21,0.05932484621243203
2026-07-22,0.06020546629943926
2026-07-23,0.0620184293270307
2026-07-24,0.059730190758331504
2026-07-25,0.05930619750145631
2026-07-26,0.059662645384051916
2026-07-27,0.06238888339655581
2026-07-28,0.06242093531596609
2026-07-29,0.08131014677458963
2026-07-30,0.07690787500960175
2026-07-31,0.0765425290631418
2026-08-01,0.0717473787264987
2026-08-02,0.07216849601639032
2026-08-03,0.08840669749695643
2026-08-04,0.08242472919373417
2026-08-05,0.08111571165670556
2026-08-06,0.08215527135053712
2026-08-07,0.08022736203693308
2026-08-08,0.08096589941740474
2026-08-09,0.07916440800853726
2026-08-10,0.07805764603068015
2026-08-11,0.0763898799243144
2026-08-12,0.07360724572713764
2026-08-13,0.07126320911581807
2026-08-14,0.06928528991254905
2026-08-15,0.06968739513138379
2026-08-16,0.06997113348753038
2026-08-17,0.07018834838596953
2026-08-18,0.07358068820802513
2026-08-19,0.0739839002613817
2026-08-20,0.08662709976735808
2026-08-21,0.09787128243848663
2026-08-22,0.10886536744600016
2026-08-23,0.15076387895474425
2026-08-24,0.17669500839367744
2026-08-25,0.1526054717308432
2026-08-26,0.1753987316974293
2026-08-27,0.19716933681794688
2026-08-28,0.23295902156970374
2026-08-29,0.22709865981836044
